<?xml version="1.0" encoding="UTF-8" standalone="yes"?>
<addon id="repository.JPB" name="[COLOR lime][B]J[/B][/COLOR]PB Repo" version="1.09" provider-name="JPB">
	<extension point="xbmc.addon.repository" name="[COLOR lime][B]J[/B]PB Repo">
		<dir>
			<info compressed="false">https://bitbucket.org/jai_s/repojp/raw/HEAD/addons.xml</info>
			<checksum>https://bitbucket.org/jai_s/repojp/raw/HEAD/addons.xml.md5</checksum>
			<datadir zip="true">https://bitbucket.org/jai_s/repojp/raw/HEAD/</datadir>
		</dir>
        <dir>
            <info compressed="false">https://raw.githubusercontent.com/jsergio123/zips/master/addons.xml</info>
            <checksum>https://raw.githubusercontent.com/jsergio123/zips/master/addons.xml.md5</checksum>
            <datadir zip="true">https://raw.githubusercontent.com/jsergio123/zips/master/</datadir>
        </dir>
        <dir>
            <info compressed="false">https://raw.githubusercontent.com/a4k-openproject/repository.openscrapers/master/zips/addons.xml</info>
            <checksum>https://raw.githubusercontent.com/a4k-openproject/repository.openscrapers/master/zips/addons.xml.md5</checksum>
            <datadir zip="true">https://raw.githubusercontent.com/a4k-openproject/repository.openscrapers/master/zips/</datadir>
        </dir>
	</extension>
	<extension point="xbmc.addon.metadata">
		<summary>The Best Third Party Addons and Tools for Kodi, from JPB Repository</summary>
		<description>Enjoy access to Indian media sources like desirulez.net</description>
		<disclaimer lang="en">Repository has non-comercial nature. Created by enthusiasts, acting in good faith.hereby disclaims and negates all other warranties, including without limitation, implied warranties or conditions of merchantability, fitness for a particular purpose, or non-infringement of intellectual property or other violation of rights. Further, video add-ons don't warrant or make any representations concerning the accuracy, likely results, or reliability of the use of the materials on the Internet web site where from data is retrieved or otherwise relating to such materials or on any sites linked to this addon. Videos are streamed directly from video-hosting websites that are having full rights to remove such access to video if required. These add-ons access website contents like a normal web browser and show content to users.</disclaimer>
		<platform>all</platform>
	</extension>
</addon>

